1,1,"991","Emiliano.Stoltenberg21@gmail.com","pYZkFimZ","user"
2,2,"93","Nels.Heaney@gmail.com","Y59X2pLiYl","user"
3,3,"86","Rubye68@hotmail.com","xB_zXs","user"
4,4,"15_Kutch","Solon.Greenfelder@gmail.com","wpVXtCD","user"
5,5,"7.Mitchell","Alexander40@yahoo.com","ZYWUaQ","user"
6,6,"10.Schneider43","Rowland_Lynch@yahoo.com","giAO7b","user"
7,7,"6.Ruecker","Elisa_Crooks@gmail.com","E9JrL37p","user"
8,8,"12.Spencer82","Tessie.Graham23@gmail.com","JcldHMiD","user"
9,9,"11_Hermann39","Duane_Rogahn0@yahoo.com","IifqQ8I","user"
10,10,"9.Krajcik","Breanna65@yahoo.com","DLlJwQAP","user"
11,11,"453","Clyde71@hotmail.com","o1ztp1IPJr","user"
12,12,"62","Karen_Sporer@hotmail.com","fLvLbB0","user"
13,13,"73","Eugene82@gmail.com","sA584ej","user"
14,14,"15.Will","Katelin_OKon@gmail.com","MEkAyePm_z","user"
15,15,"13.Larson55","Percival.Abshire5@gmail.com","tkAqc_bfLp","user"
16,16,"7_Torp","Rosie.Rolfson@hotmail.com","luL1LGo6","user"
17,17,"6.Schuppe","Oral45@gmail.com","qkv9UD","user"
18,18,"44","Alejandrin93@hotmail.com","zsNORAA","user"
19,19,"12_Nader31","Verla.Borer32@gmail.com","FBGsKrvXNZ","user"
20,20,"13.Schamberger43","Stephen.Weimann@hotmail.com","cpzhnHiP","user"
21,21,"83","Hillary48@gmail.com","UYSogFUUhG","user"
22,22,"11_Bergstrom","Darren_Aufderhar92@yahoo.com","FepXL95wQ","user"
23,23,"11.Ziemann96","Anahi_Rowe89@yahoo.com","nopnG4","user"
24,24,"8_Dooley68","Johnpaul.Schamberger@yahoo.com","ALN2aJb8","user"
25,25,"8.Lemke86","Heath35@yahoo.com","OKFsXWhIf","user"
26,26,"14_Batz30","Javon_Sporer51@yahoo.com","nYfoBD6C","user"
27,27,"14.Robel","Kenya_Swaniawski@hotmail.com","M1Piqat","user"
28,28,"7_Cole5","Mitchel16@hotmail.com","I7ORxlI","user"
29,29,"11_Fahey32","Bryon_Grimes70@yahoo.com","eJLAVU","user"
30,30,"10_Adams36","Providenci.Hills@yahoo.com","Df8Hit","user"
31,31,"12.Konopelski29","Gage.Kunze98@hotmail.com","BYdZdbIT","user"
32,32,"9_Lindgren","Giles9@gmail.com","dnrnFew","user"
33,33,"15_Dach86","Kathryne25@hotmail.com","RWSlUspxw","user"
34,34,"9.Zemlak","Solon_Herman30@gmail.com","6bpOgEX","user"
35,35,"107","Rodrigo80@yahoo.com","VFsFTNAHl","user"
36,36,"8_Sporer12","Jarred_Skiles83@hotmail.com","QS2J3Dt","user"
37,37,"8.Schneider","Nickolas_Tillman@gmail.com","UB2bONpZJP","user"
38,38,"37","Kameron.Vandervort@yahoo.com","ldrOVcGAsk","user"
39,39,"81","Frances_Rowe@yahoo.com","ZulV12","user"
40,40,"14.Krajcik","Lennie.Feest71@gmail.com","R7P8xESXPQ","user"
41,41,"12_Murray7","Brian_Willms95@hotmail.com","zSK6ZYh","user"
42,42,"15.Hegmann80","Alexandria_Parisian@yahoo.com","R_XxRC","user"
43,43,"12_Kuhn","Arvilla.Beatty@yahoo.com","8Zw7Lr","user"
44,44,"61","Moshe6@yahoo.com","aBYfmkS","user"
45,45,"10_Swift83","Hyman.Bogisich18@hotmail.com","AwcXU2gs","user"
46,46,"11_Watsica","Vaughn.Russel@yahoo.com","PlwBNp7cK","user"
47,47,"10.Maggio85","Mckenna.Doyle@yahoo.com","2NJlPq5usS","user"
48,48,"13_Roberts1","Dennis.Cole32@hotmail.com","iIC58O","user"
49,49,"15.Schowalter","Alda.Hilpert84@hotmail.com","cvhhIYv","user"
50,50,"21","Salma_Pollich32@hotmail.com","5We4NEn","user"
51,51,"30","Rachelle48@hotmail.com","Iu9NnB_","user"
52,52,"13_Sporer90","Aisha27@yahoo.com","dYjMn_WZBo","user"
53,53,"14.Labadie","Nona_Yundt@gmail.com","xBZNAlrpHJ","user"
54,54,"8.Kerluke82","Alexandro_Parisian48@yahoo.com","Fu80WYMcM","user"
55,55,"36","Jedidiah96@hotmail.com","JChFRBDb","user"
56,56,"7.Berge","Asha82@yahoo.com","7Ras5oXUgu","user"
57,57,"14_Aufderhar","Kimberly_Lind13@hotmail.com","UVp3T_xnaH","user"
58,58,"66","Bernard38@hotmail.com","OSsky8Axr","user"
59,59,"15_Gutmann65","Dean90@hotmail.com","2aii6Uxf0","user"
60,60,"8_Carroll","Jason.Johnson@gmail.com","Esi_8Tre","user"
61,61,"6_Mitchell56","Rupert.Feeney73@gmail.com","kF4qyL","user"
62,62,"12_Schmeler90","Ryan3@hotmail.com","g1MNgLg2E","user"
63,63,"8.Thompson57","Ryleigh.Senger55@yahoo.com","b2j2r1aj1","user"
64,64,"56","Jaime16@gmail.com","HPdhnq","user"
65,65,"98","Francisca.Prosacco@hotmail.com","EjUQZX","user"
66,66,"11.Hand85","Marquise.Wolf@yahoo.com","SqZJrz","user"
67,67,"371","Molly_Wiza9@hotmail.com","pdls0A","user"
68,68,"65","Sienna.Rau15@yahoo.com","7suHQYA1","user"
69,69,"12_Hegmann","Gust_Brekke9@gmail.com","Ab0j1CIL","user"
70,70,"13_Hilll","Florida_Schroeder49@hotmail.com","dShiHjt","user"
71,71,"8.Powlowski78","Iliana90@hotmail.com","VgvtfhX","user"
72,72,"7.Williamson","Sebastian_Howe67@yahoo.com","7K0NWW","user"
73,73,"459_x","Christy_Feil@gmail.com","GkrUI4GE","user"
74,74,"10.Hodkiewicz88","Nasir.Rosenbaum25@gmail.com","A8TiJt","user"
75,75,"9.Ward","Kayleigh.Schultz@gmail.com","PQCOfJ3kGS","user"
76,76,"8.Leffler83","Tessie.Spencer@hotmail.com","6lSJ8n","user"
77,77,"14_Lockman39","Carli_Dicki@gmail.com","_Wmfjb_","user"
78,78,"45","Marlon.Price44@yahoo.com","5iTAzaiJDi","user"
79,79,"43","Finn.OKon@gmail.com","9to_HcmO","user"
80,80,"13","Effie33@hotmail.com","RkzOFdKP","user"
81,81,"9_Torphy","Cornelius.Sauer58@yahoo.com","Ya25pi","user"
82,82,"39","Demarcus14@hotmail.com","7ewmF2Gut","user"
83,83,"67","Gayle16@gmail.com","lZfAjSscm","user"
84,84,"9_Leuschke22","Carol_Connelly@gmail.com","KChQidXyQS","user"
85,85,"10.Corwin45","Richie_Anderson65@hotmail.com","gOcsOjpt0","user"
86,86,"7.Dibbert","Emmett.Rutherford@gmail.com","RqEsEZN","user"
87,87,"15_Heaney","Katelynn.Wuckert13@yahoo.com","abWlK0Q","user"
88,88,"10_Marks","Eldora_Schowalter@yahoo.com","8hCSUbfOap","user"
89,89,"99","Felicita94@gmail.com","v8jsSP","user"
90,90,"9.Reynolds","Aileen68@yahoo.com","3EPvLI88x","user"
91,91,"23","Jarod.Auer@hotmail.com","d31cjr","user"
92,92,"8_Braun7","Dwight78@yahoo.com","_QQyD5","user"
93,93,"84","Katrina.Terry28@yahoo.com","JT8Z7O","user"
94,94,"15_Reinger","Letitia.Wunsch39@yahoo.com","BF_LCm9LEw","user"
95,95,"14.Langworth89","Chadd_Mayer@hotmail.com","nfJR4xftF","user"
96,96,"6_Stehr","Kali_Bauch29@gmail.com","Q8A_LV_n","user"
97,97,"9_Zboncak","Lance.Bashirian48@hotmail.com","NZ6Rcf0","user"
98,98,"9_Sipes","Carmel_Braun16@hotmail.com","CVblTjaO2","user"
99,99,"54","Name99@hotmail.com","FxoSeFkj","user"
100,100,"12_Kuhn78","Marguerite_Brakus@gmail.com","rp65bbJ6","user"