"id","name","about"
1,"Shirley Franecki","Manager"
2,"Virgil Klein","Associate"
3,"Noah Jacobson","Representative"
4,"Kobe Goldner","Planner"
5,"Laverna Hermiston II","Agent"
6,"Ronny King","Agent"
7,"Caleb Rodriguez","Supervisor"
8,"Tara Kunze","Assistant"
9,"Dan Pouros","Executive"
10,"Mr. Krystal Kautzer","Manager"
11,"Annabelle Stokes","Administrator"
12,"Dr. Berta Williamson","Specialist"
13,"Jamir Barrows","Orchestrator"
14,"Jeff Corwin","Representative"
15,"Kaylee Veum","Developer"
16,"Dr. Fidel Mosciski","Coordinator"
17,"Anissa Schmitt","Executive"
18,"Timmothy Hoppe","Liaison"
19,"Miss Stacy Pouros","Specialist"
20,"Elvie Kozey Jr.","Assistant"
21,"Mr. Jamison Howell","Administrator"
22,"Jackie Kuvalis","Executive"
23,"Jared Torp V","Technician"
24,"Mrs. Harold Lockman","Engineer"
25,"Stella Weissnat","Planner"
26,"Nelda Prohaska","Coordinator"
27,"Howell Beer","Architect"
28,"Paxton Crona Sr.","Liaison"
29,"Jedediah O'Keefe","Facilitator"
30,"Bertrand McCullough","Engineer"
31,"Jane Koch","Officer"
32,"Letha Bernhard","Analyst"
33,"Daphne MacGyver","Representative"
34,"Belle Rice","Representative"
35,"Wilhelm Fritsch","Officer"
36,"Camilla Gerlach DVM","Supervisor"
37,"Haven Frami","Executive"
38,"Una Hayes","Agent"
39,"Natalie Yundt","Developer"
40,"Reynold Denesik","Officer"
41,"Nigel Farrell","Designer"
42,"Ethan Schumm","Producer"
43,"Albin Crist PhD","Strategist"
44,"Virgie Gorczany","Analyst"
45,"Damon Barton","Facilitator"
46,"Bettie Funk","Strategist"
47,"Wilford DuBuque","Consultant"
48,"Reyna Schoen","Designer"
49,"Johann Williamson","Associate"
50,"Milford Heidenreich PhD","Designer"
51,"Theo Schmeler","Coordinator"
52,"Kaylin Cole IV","Analyst"
53,"Lindsay Funk","Executive"
54,"Sammy Kirlin","Administrator"
55,"Mireya Reinger IV","Agent"
56,"Eldora Aufderhar DVM","Officer"
57,"Ms. Sydnee Metz","Producer"
58,"Kevin Streich","Liaison"
59,"Viva Sporer","Developer"
60,"Louvenia Labadie","Administrator"
61,"Emmitt Kuvalis","Administrator"
62,"Brown Zemlak","Technician"
63,"Marquise Lynch","Executive"
64,"Santina Dibbert","Designer"
65,"Mr. Alberto Predovic","Architect"
66,"Harold Quigley","Agent"
67,"Ewell Flatley","Agent"
68,"Lupe Reichel","Assistant"
69,"Norwood Schoen DDS","Facilitator"
70,"Davion Wintheiser","Consultant"
71,"Lukas Hahn II","Designer"
72,"Alyson Dooley","Consultant"
73,"Mrs. Tia Dietrich","Engineer"
74,"Jeremie Rippin","Coordinator"
75,"Janelle Mohr","Architect"
76,"Brody Von","Executive"
77,"Quinten Hickle","Facilitator"
78,"Corene Runte","Agent"
79,"Darrell Hagenes PhD","Engineer"
80,"Madeline Kris","Associate"
81,"Amanda Schneider","Agent"
82,"Elenora Leuschke","Agent"
83,"Tillman Wilderman","Representative"
84,"Ericka O'Reilly Sr.","Facilitator"
85,"Norris Windler","Facilitator"
86,"Dewayne Dietrich","Orchestrator"
87,"Jaida Farrell Sr.","Technician"
88,"Rylan Cartwright","Developer"
89,"Dina Stanton","Developer"
90,"Karlee Weissnat II","Executive"
91,"Cleveland Wolff DVM","Architect"
92,"Cordelia Strosin I","Assistant"
93,"Joany Armstrong","Planner"
94,"Marilyne Hahn","Developer"
95,"Donald Carroll","Technician"
96,"Jensen Fahey","Planner"
97,"Mayra Bradtke","Producer"
98,"Terrill Wehner","Strategist"
99,"Kieran Maggio","Manager"
100,"Maud Cole","Orchestrator"